ticker,date,text,subreddit,post_count,close_price,50_day_MA,200_day_MA
AAPL,2025-07-08,,,0.0,210.00999450683597,210.75400085449215,210.75400085449215
AAPL,2025-07-09,,,0.0,211.13999938964844,210.8183339436849,210.8183339436849
AAPL,2025-07-10,,,0.0,212.41000366210935,211.04571533203125,211.04571533203125
ACN,2025-07-07,,,0.0,300.5400085449219,302.55750274658203,302.55750274658203
ACN,2025-07-08,,,0.0,303.3299865722656,302.7119995117188,302.7119995117188
ACN,2025-07-09,,,0.0,297.3999938964844,301.826665242513,301.826665242513
ACN,2025-07-10,,,0.0,288.3599853515625,299.9028538295201,299.9028538295201
ACN,2025-07-11,,,0.0,281.0599975585937,297.5474967956543,297.5474967956543
ADM,2025-07-07,,,0.0,54.52000045776367,55.04500102996826,55.04500102996826
ADM,2025-07-08,,,0.0,54.54999923706055,54.94600067138672,54.94600067138672
ADM,2025-07-10,,,0.0,54.88999938964844,54.802857535226,54.802857535226
ADM,2025-07-11,,,0.0,54.93999862670898,54.82000017166138,54.82000017166138
ADP,2025-07-07,,,0.0,308.3999938964844,308.1949996948242,308.1949996948242
ADP,2025-07-08,,,0.0,306.8999938964844,307.9359985351563,307.9359985351563
ADP,2025-07-09,,,0.0,308.4100036621094,308.01499938964844,308.01499938964844
ADP,2025-07-10,,,0.0,305.82000732421875,307.70142909458707,307.70142909458707
ADP,2025-07-11,,,0.0,302.6499938964844,307.0699996948242,307.0699996948242
ALL,2025-07-07,,,0.0,194.5399932861328,196.84249877929688,196.84249877929688
ALL,2025-07-08,,,0.0,193.3999938964844,196.1539978027344,196.1539978027344
ALL,2025-07-09,,,0.0,194.08999633789065,195.80999755859372,195.80999755859372
ALL,2025-07-10,,,0.0,194.67999267578125,195.64856828962053,195.64856828962053
ALL,2025-07-11,,,0.0,193.3300018310547,195.3587474822998,195.3587474822998
ALLE,2025-07-07,,,0.0,148.14999389648438,147.96499633789062,147.96499633789062
ALLE,2025-07-08,,,0.0,148.5399932861328,148.07999572753906,148.07999572753906
ALLE,2025-07-09,,,0.0,150.05999755859375,148.40999603271484,148.40999603271484
ALLE,2025-07-10,,,0.0,151.52999877929688,148.85571071079798,148.85571071079798
ALLE,2025-07-11,,,0.0,148.80999755859375,148.84999656677246,148.84999656677246
AMAT,2025-07-07,,,0.0,190.77999877929688,188.89999771118164,188.89999771118164
AMAT,2025-07-08,,,0.0,194.9900054931641,190.1179992675781,190.1179992675781
AMAT,2025-07-10,,,0.0,198.02999877929688,192.00142778669084,192.00142778669084
AMAT,2025-07-11,,,0.0,197.92999267578125,192.74249839782715,192.74249839782715
AMD,2025-07-08,,,0.0,137.82000732421875,137.0320037841797,137.0320037841797
AMZN,2025-07-08,,,0.0,219.3600006103516,221.32400207519527,221.32400207519527
AMZN,2025-07-09,,,0.0,222.5399932861328,221.52666727701825,221.52666727701825
AMZN,2025-07-11,,,0.0,225.0200042724609,222.05500030517575,222.05500030517575
AVGO,2025-07-08,,,0.0,271.79998779296875,271.1599914550781,271.1599914550781
AVGO,2025-07-09,,,0.0,277.8999938964844,272.2833251953125,272.2833251953125
AVGO,2025-07-10,,,0.0,275.3999938964844,272.7285635811942,272.7285635811942
BA,2025-07-08,,,0.0,218.5200042724609,214.97799987792968,214.97799987792968
BA,2025-07-10,,,0.0,226.08999633789065,218.22571454729356,218.22571454729356
BA,2025-07-11,,,0.0,226.83999633789065,219.30249977111816,219.30249977111816
BAC,2025-07-07,,,0.0,48.65999984741211,48.61250019073486,48.61250019073486
BAC,2025-07-08,,,0.0,47.150001525878906,48.32000045776367,48.32000045776367
BAC,2025-07-09,,,0.0,46.84000015258789,48.073333740234375,48.073333740234375
BAC,2025-07-10,,,0.0,46.970001220703125,47.91571480887277,47.91571480887277
BAC,2025-07-11,,,0.0,46.72999954223633,47.76750040054321,47.76750040054321
BG,2025-07-07,,,0.0,74.8499984741211,78.73250007629395,78.73250007629395
BG,2025-07-08,,,0.0,75.80000305175781,78.14600067138672,78.14600067138672
BG,2025-07-10,,,0.0,76.54000091552734,77.55857195172992,77.55857195172992
BG,2025-07-11,,,0.0,76.73999786376953,77.45625019073486,77.45625019073486
C,2025-07-07,,,0.0,87.5999984741211,87.33749961853027,87.33749961853027
C,2025-07-08,,,0.0,85.56999969482422,86.98399963378907,86.98399963378907
C,2025-07-10,,,0.0,87.08000183105469,86.82714298793248,86.82714298793248
C,2025-07-11,,,0.0,86.7300033569336,86.81500053405762,86.81500053405762
CAG,2025-07-07,,,0.0,20.40999984741211,20.89749956130981,20.89749956130981
CAG,2025-07-08,,,0.0,20.649999618530277,20.847999572753903,20.847999572753903
CAG,2025-07-09,,,0.0,20.3799991607666,20.769999504089355,20.769999504089355
CAG,2025-07-11,,,0.0,19.399999618530277,20.43874955177307,20.43874955177307
CAT,2025-07-07,,,0.0,391.510009765625,394.6800003051758,394.6800003051758
CAT,2025-07-08,,,0.0,394.2900085449219,394.602001953125,394.602001953125
CAT,2025-07-09,,,0.0,402.1799926757813,395.86500040690106,395.86500040690106
CDNS,2025-07-07,,,0.0,320.29998779296875,316.879997253418,316.879997253418
CDNS,2025-07-08,,,0.0,323.2799987792969,318.1599975585938,318.1599975585938
CDNS,2025-07-09,,,0.0,322.9100036621094,318.951665242513,318.951665242513
CDNS,2025-07-10,,,0.0,322.6600036621094,319.48142787388394,319.48142787388394
CDNS,2025-07-11,,,0.0,320.6000061035156,319.6212501525879,319.6212501525879
COO,2025-07-07,,,0.0,73.29000091552734,73.10499954223633,73.10499954223633
COO,2025-07-08,,,0.0,74.26000213623047,73.33600006103515,73.33600006103515
COO,2025-07-09,,,0.0,74.94999694824219,73.60499954223633,73.60499954223633
COO,2025-07-10,,,0.0,76.69999694824219,74.0471420288086,74.0471420288086
COP,2025-07-07,,,0.0,92.5500030517578,93.16500091552734,93.16500091552734
COP,2025-07-08,,,0.0,95.79000091552734,93.69000091552736,93.69000091552736
COP,2025-07-10,,,0.0,95.37000274658205,94.0500008719308,94.0500008719308
COP,2025-07-11,,,0.0,95.61000061035156,94.2450008392334,94.2450008392334
COST,2025-07-09,,,0.0,982.0900268554688,985.9083455403646,985.9083455403646
COST,2025-07-10,,,0.0,970.1699829101562,983.6600080217634,983.6600080217634
COST,2025-07-11,,,0.0,970.3300170898438,981.9937591552734,981.9937591552734
CRM,2025-07-07,,,0.0,269.79998779296875,270.76749420166016,270.76749420166016
CRM,2025-07-08,,,0.0,273.6499938964844,271.343994140625,271.343994140625
CRM,2025-07-09,,,0.0,270.9200134277344,271.27333068847656,271.27333068847656
CRM,2025-07-10,,,0.0,263.9700012207031,270.22999790736606,270.22999790736606
CRWD,2025-07-07,,,0.0,505.4599914550781,501.9324951171875,501.9324951171875
CRWD,2025-07-08,,,0.0,507.7099914550781,503.0879943847656,503.0879943847656
CRWD,2025-07-09,,,0.0,513.510009765625,504.8249969482422,504.8249969482422
CRWD,2025-07-10,,,0.0,487.1099853515625,502.2942810058594,502.2942810058594
CRWD,2025-07-11,,,0.0,478.4500122070313,499.31374740600586,499.31374740600586
CSCO,2025-07-07,,,0.0,68.93000030517578,68.7917366027832,68.7917366027832
CSCO,2025-07-08,,,0.0,68.58999633789062,68.75138854980469,68.75138854980469
CSCO,2025-07-09,,,0.0,69.2699966430664,68.83782323201497,68.83782323201497
CSCO,2025-07-10,,,0.0,68.76000213623047,68.82670593261719,68.82670593261719
CVS,2025-07-07,,,0.0,66.68000030517578,67.57250022888184,67.57250022888184
CVS,2025-07-08,,,0.0,66.94000244140625,67.44600067138671,67.44600067138671
CVS,2025-07-09,,,0.0,66.66000366210938,67.3150011698405,67.3150011698405
CVS,2025-07-10,,,0.0,65.62000274658203,67.07285853794643,67.07285853794643
CVS,2025-07-11,,,0.0,64.77999877929688,66.78625106811523,66.78625106811523
CVX,2025-07-07,,,0.0,147.39999389648438,147.32999801635742,147.32999801635742
CVX,2025-07-08,,,0.0,153.24000549316406,148.51199951171876,148.51199951171876
CVX,2025-07-09,,,0.0,153.02000427246094,149.26333363850912,149.26333363850912
CVX,2025-07-11,,,0.0,155.30999755859375,150.63249969482422,150.63249969482422
CZR,2025-07-08,,,0.0,29.96999931335449,29.66999969482422,29.66999969482422
CZR,2025-07-09,,,0.0,29.59000015258789,29.656666437784832,29.656666437784832
CZR,2025-07-10,,,0.0,31.51000022888184,29.921428407941544,29.921428407941544
CZR,2025-07-11,,,0.0,30.030000686645508,29.93499994277954,29.93499994277954
D,2025-07-07,,,0.0,56.43999862670898,57.09249973297119,57.09249973297119
DAL,2025-07-07,,,0.0,50.0,49.9975004196167,49.9975004196167
DAL,2025-07-08,,,0.0,50.52000045776367,50.1020004272461,50.1020004272461
DAL,2025-07-09,,,0.0,50.70000076293945,50.201667149861656,50.201667149861656
DDOG,2025-07-08,,,0.0,145.94000244140625,144.16799926757812,144.16799926757812
DDOG,2025-07-09,,,0.0,142.75,143.9316660563151,143.9316660563151
DDOG,2025-07-10,,,0.0,137.49000549316406,143.0114288330078,143.0114288330078
DDOG,2025-07-11,,,0.0,137.3699951171875,142.30624961853027,142.30624961853027
DE,2025-07-07,,,0.0,510.2900085449219,514.9824905395508,514.9824905395508
DE,2025-07-08,,,0.0,508.9100036621094,513.7679931640625,513.7679931640625
DE,2025-07-09,,,0.0,509.3299865722656,513.0283253987631,513.0283253987631
DE,2025-07-10,,,0.0,519.2000122070312,513.9099949428013,513.9099949428013
DELL,2025-07-07,,,0.0,124.7699966430664,123.80000114440918,123.80000114440918
DELL,2025-07-08,,,0.0,124.38999938964844,123.91800079345704,123.91800079345704
DELL,2025-07-10,,,0.0,127.91000366210938,124.87571498325892,124.87571498325892
DELL,2025-07-11,,,0.0,126.83000183105467,125.1200008392334,125.1200008392334
DIS,2025-07-07,,,0.0,123.16000366210938,123.40750122070312,123.40750122070312
DIS,2025-07-08,,,0.0,121.81999969482422,123.09000091552734,123.09000091552734
DIS,2025-07-09,,,0.0,120.61000061035156,122.67666753133138,122.67666753133138
DIS,2025-07-10,,,0.0,121.55999755859376,122.51714324951172,122.51714324951172
DIS,2025-07-11,,,0.0,119.87000274658205,122.18625068664552,122.18625068664552
ELV,2025-07-08,,,0.0,349.4599914550781,358.0380004882812,358.0380004882812
ELV,2025-07-09,,,0.0,346.3599853515625,356.09166463216144,356.09166463216144
ELV,2025-07-10,,,0.0,345.8599853515625,354.6299961635045,354.6299961635045
ELV,2025-07-11,,,0.0,340.6700134277344,352.8849983215332,352.8849983215332
ENPH,2025-07-07,,,0.0,42.459999084472656,41.72749996185303,41.72749996185303
ENPH,2025-07-08,,,0.0,40.93999862670898,41.56999969482422,41.56999969482422
ENPH,2025-07-09,,,0.0,42.84999847412109,41.78333282470703,41.78333282470703
ENPH,2025-07-11,,,0.0,41.86000061035156,41.94124984741211,41.94124984741211
EQIX,2025-07-07,,,0.0,777.1199951171875,788.6625061035156,788.6625061035156
EQIX,2025-07-08,,,0.0,767.3900146484375,784.4080078125,784.4080078125
EQIX,2025-07-09,,,0.0,764.7100219726562,781.125010172526,781.125010172526
EQIX,2025-07-10,,,0.0,758.8900146484375,777.9485822405134,777.9485822405134
ES,2025-07-08,,,0.0,64.55999755859375,64.5,64.5
ES,2025-07-09,,,0.0,65.11000061035156,64.60166676839192,64.60166676839192
ES,2025-07-10,,,0.0,66.11000061035156,64.81714303152901,64.81714303152901
ES,2025-07-11,,,0.0,65.70999908447266,64.92875003814697,64.92875003814697
F,2025-07-08,,,0.0,11.68000030517578,11.640000343322754,11.640000343322754
F,2025-07-11,,,0.0,11.779999732971191,11.71500015258789,11.71500015258789
FCX,2025-07-07,,,0.0,45.130001068115234,45.1875,45.1875
FCX,2025-07-08,,,0.0,46.27000045776367,45.40400009155273,45.40400009155273
FCX,2025-07-09,,,0.0,45.59000015258789,45.43500010172526,45.43500010172526
FCX,2025-07-11,,,0.0,46.36000061035156,45.77250003814697,45.77250003814697
FDX,2025-07-07,,,0.0,235.08999633789065,237.4474983215332,237.4474983215332
FDX,2025-07-08,,,0.0,238.7100067138672,237.7,237.7
FDX,2025-07-09,,,0.0,236.50999450683597,237.5016657511393,237.5016657511393
FDX,2025-07-10,,,0.0,238.72999572753903,237.6771414620536,237.6771414620536
FDX,2025-07-11,,,0.0,236.05999755859372,237.4749984741211,237.4749984741211
FICO,2025-07-07,,,0.0,1869.8299560546875,1852.792510986328,1852.792510986328
FICO,2025-07-08,,,0.0,1703.1700439453125,1822.868017578125,1822.868017578125
FICO,2025-07-09,,,0.0,1591.72998046875,1784.3450113932292,1784.3450113932292
FICO,2025-07-11,,,0.0,1544.22998046875,1729.3350067138672,1729.3350067138672
FTNT,2025-07-07,,,0.0,106.6500015258789,104.23750114440918,104.23750114440918
FTNT,2025-07-08,,,0.0,107.54000091552734,104.89800109863282,104.89800109863282
FTNT,2025-07-09,,,0.0,107.6500015258789,105.35666783650716,105.35666783650716
FTNT,2025-07-10,,,0.0,100.1999969482422,104.62000056675502,104.62000056675502
FTNT,2025-07-11,,,0.0,99.05999755859376,103.92500019073486,103.92500019073486
GE,2025-07-09,,,0.0,250.3300018310547,247.5999959309896,247.5999959309896
GE,2025-07-10,,,0.0,252.57000732421875,248.30999755859372,248.30999755859372
GEV,2025-07-07,,,0.0,530.280029296875,514.5975036621094,514.5975036621094
GEV,2025-07-09,,,0.0,535.77001953125,520.6933390299479,520.6933390299479
GEV,2025-07-10,,,0.0,539.3599853515625,523.3600027901786,523.3600027901786
GEV,2025-07-11,,,0.0,539.1599731445312,525.3349990844727,525.3349990844727
GILD,2025-07-08,,,0.0,111.05999755859376,111.56600036621094,111.56600036621094
GILD,2025-07-09,,,0.0,113.23999786376952,111.84499994913736,111.84499994913736
GILD,2025-07-10,,,0.0,114.54000091552734,112.23000008719308,112.23000008719308
GILD,2025-07-11,,,0.0,109.63999938964844,111.90625,111.90625
GIS,2025-07-07,,,0.0,51.22237396240234,52.37102508544922,52.37102508544922
GIS,2025-07-08,,,0.0,51.22237396240234,52.14129486083984,52.14129486083984
GIS,2025-07-10,,,0.0,51.36000061035156,51.8080678667341,51.8080678667341
GIS,2025-07-11,,,0.0,51.58000183105469,51.77955961227417,51.77955961227417
GM,2025-07-07,,,0.0,51.81999969482422,52.35499954223633,52.35499954223633
GM,2025-07-08,,,0.0,52.18999862670898,52.32199935913086,52.32199935913086
GM,2025-07-09,,,0.0,52.56999969482422,52.363332748413086,52.363332748413086
GNRC,2025-07-08,,,0.0,149.1999969482422,149.42599792480468,149.42599792480468
GNRC,2025-07-09,,,0.0,150.9199981689453,149.67499796549478,149.67499796549478
GNRC,2025-07-10,,,0.0,151.99000549316406,150.0057133265904,150.0057133265904
GNRC,2025-07-11,,,0.0,150.4199981689453,150.05749893188477,150.05749893188477
GOOG,2025-07-07,,,0.0,177.55999755859375,178.69499969482422,178.69499969482422
GOOG,2025-07-08,,,0.0,175.16000366210938,177.98800048828124,177.98800048828124
GOOG,2025-07-09,,,0.0,177.66000366210938,177.93333435058594,177.93333435058594
GOOG,2025-07-11,,,0.0,181.30999755859372,178.45125007629397,178.45125007629397
GOOGL,2025-07-07,,,0.0,176.7899932861328,177.6999969482422,177.6999969482422
GOOGL,2025-07-08,,,0.0,174.36000061035156,177.03199768066406,177.03199768066406
GOOGL,2025-07-09,,,0.0,176.6199951171875,176.9633305867513,176.9633305867513
GOOGL,2025-07-10,,,0.0,177.6199951171875,177.05713980538505,177.05713980538505
GS,2025-07-07,,,0.0,710.9299926757812,714.2400054931641,714.2400054931641
GS,2025-07-08,,,0.0,697.280029296875,710.8480102539063,710.8480102539063
GS,2025-07-09,,,0.0,696.5599975585938,708.4666748046875,708.4666748046875
GS,2025-07-11,,,0.0,704.9500122070312,708.108757019043,708.108757019043
HCA,2025-07-07,,,0.0,378.9800109863281,380.7825012207031,380.7825012207031
HCA,2025-07-08,,,0.0,377.6000061035156,380.1460021972656,380.1460021972656
HCA,2025-07-09,,,0.0,378.4400024414063,379.8616689046224,379.8616689046224
HCA,2025-07-10,,,0.0,378.3200073242188,379.6414315359933,379.6414315359933
HCA,2025-07-11,,,0.0,376.0700073242188,379.1950035095215,379.1950035095215
HPQ,2025-07-07,,,0.0,25.34000015258789,25.672500133514404,25.672500133514404
HPQ,2025-07-08,,,0.0,25.799999237060547,25.697999954223636,25.697999954223636
HPQ,2025-07-10,,,0.0,25.729999542236328,25.69142859322684,25.69142859322684
HPQ,2025-07-11,,,0.0,25.420000076293945,25.65750002861023,25.65750002861023
HWM,2025-07-08,,,0.0,179.4600067138672,178.58800048828124,178.58800048828124
HWM,2025-07-09,,,0.0,181.4199981689453,179.06000010172525,179.06000010172525
HWM,2025-07-10,,,0.0,178.52999877929688,178.98428562709265,178.98428562709265
HWM,2025-07-11,,,0.0,179.67999267578125,179.0712490081787,179.0712490081787
IBM,2025-07-07,,,0.0,292.4700012207031,290.82250213623047,290.82250213623047
IBM,2025-07-08,,,0.0,290.4200134277344,290.74200439453125,290.74200439453125
IBM,2025-07-10,,,0.0,287.42999267578125,290.182861328125,290.182861328125
IBM,2025-07-11,,,0.0,283.5899963378906,289.3587532043457,289.3587532043457
INTC,2025-07-07,,,0.0,22.0,22.304999828338623,22.304999828338623
INTC,2025-07-08,,,0.0,23.59000015258789,22.56199989318848,22.56199989318848
INTC,2025-07-10,,,0.0,23.81999969482422,22.86714281354632,22.86714281354632
INTC,2025-07-11,,,0.0,23.43000030517578,22.9375,22.9375
ISRG,2025-07-07,,,0.0,534.7100219726562,539.4424896240234,539.4424896240234
ISRG,2025-07-08,,,0.0,527.2999877929688,537.0139892578125,537.0139892578125
ISRG,2025-07-09,,,0.0,528.1300048828125,535.5333251953125,535.5333251953125
ISRG,2025-07-10,,,0.0,526.0499877929688,534.1785627092634,534.1785627092634
ISRG,2025-07-11,,,0.0,512.0599975585938,531.4137420654297,531.4137420654297
J,2025-07-07,,,0.0,132.3699951171875,132.40999603271484,132.40999603271484
J,2025-07-08,,,0.0,132.99000549316406,132.5259979248047,132.5259979248047
J,2025-07-09,,,0.0,134.1999969482422,132.80499776204428,132.80499776204428
J,2025-07-10,,,0.0,136.2100067138672,133.2914276123047,133.2914276123047
J,2025-07-11,,,0.0,135.13999938964844,133.52249908447266,133.52249908447266
JPM,2025-07-07,,,0.0,291.9700012207031,291.8969039916992,291.8969039916992
JPM,2025-07-08,,,0.0,282.7799987792969,290.0735229492187,290.0735229492187
JPM,2025-07-09,,,0.0,283.1600036621094,288.9212697347005,288.9212697347005
JPM,2025-07-11,,,0.0,286.8599853515625,288.5722007751465,288.5722007751465
K,2025-07-07,,,0.0,79.66000366210938,79.88000106811523,79.88000106811523
K,2025-07-09,,,0.0,79.22000122070312,79.68166732788086,79.68166732788086
K,2025-07-10,,,0.0,79.66999816894531,79.68000030517578,79.68000030517578
KLAC,2025-07-07,,,0.0,912.6199951171876,914.2874908447266,914.2874908447266
KLAC,2025-07-08,,,0.0,919.219970703125,915.2739868164062,915.2739868164062
KLAC,2025-07-09,,,0.0,923.1799926757812,916.5916544596354,916.5916544596354
KLAC,2025-07-10,,,0.0,928.6199951171876,918.3099888392856,918.3099888392856
KLAC,2025-07-11,,,0.0,924.5800170898438,919.0937423706056,919.0937423706056
KO,2025-07-07,,,0.0,71.01000213623047,71.23500061035156,71.23500061035156
KO,2025-07-08,,,0.0,70.23999786376953,71.03600006103515,71.03600006103515
KO,2025-07-09,,,0.0,69.4800033569336,70.77666727701823,70.77666727701823
KO,2025-07-11,,,0.0,69.87000274658203,70.53750038146973,70.53750038146973
LDOS,2025-07-08,,,0.0,162.08999633789062,162.93399963378906,162.93399963378906
LDOS,2025-07-09,,,0.0,162.2100067138672,162.8133341471354,162.8133341471354
LDOS,2025-07-10,,,0.0,163.0,162.84000069754464,162.84000069754464
LDOS,2025-07-11,,,0.0,162.0500030517578,162.7412509918213,162.7412509918213
LMT,2025-07-07,,,0.0,469.05999755859375,465.01749420166016,465.01749420166016
LMT,2025-07-08,,,0.0,463.010009765625,464.6159973144531,464.6159973144531
LULU,2025-07-07,,,0.0,237.57000732421875,244.16749954223636,244.16749954223636
LULU,2025-07-08,,,0.0,238.5399932861328,243.04199829101563,243.04199829101563
LULU,2025-07-10,,,0.0,238.5200042724609,241.37428501674108,241.37428501674108
LULU,2025-07-11,,,0.0,236.50999450683597,240.76624870300293,240.76624870300293
LUV,2025-07-07,,,0.0,33.810001373291016,33.82250118255615,33.82250118255615
LUV,2025-07-08,,,0.0,33.97999954223633,33.854000854492185,33.854000854492185
LUV,2025-07-09,,,0.0,34.540000915527344,33.96833419799805,33.96833419799805
MCD,2025-07-07,,,0.0,293.5299987792969,294.9324951171875,294.9324951171875
MCD,2025-07-08,,,0.0,291.6700134277344,294.2799987792969,294.2799987792969
MCD,2025-07-09,,,0.0,293.0199890136719,294.0699971516927,294.0699971516927
MCD,2025-07-11,,,0.0,299.9100036621094,295.3400001525879,295.3400001525879
MDLZ,2025-07-07,,,0.0,68.81999969482422,69.08249855041504,69.08249855041504
MDLZ,2025-07-08,,,0.0,68.19000244140625,68.90399932861328,68.90399932861328
MDLZ,2025-07-09,,,0.0,66.8499984741211,68.56166585286458,68.56166585286458
MDLZ,2025-07-11,,,0.0,67.18000030517578,68.21249961853027,68.21249961853027
META,2025-07-07,,,0.0,718.3499755859375,717.5374908447266,717.5374908447266
META,2025-07-08,,,0.0,720.6699829101562,718.1639892578125,718.1639892578125
META,2025-07-11,,,0.0,717.510009765625,721.0437469482422,721.0437469482422
MGM,2025-07-08,,,0.0,37.52000045776367,37.33999938964844,37.33999938964844
MGM,2025-07-09,,,0.0,37.68999862670898,37.3983325958252,37.3983325958252
MGM,2025-07-10,,,0.0,38.84000015258789,37.60428510393415,37.60428510393415
MGM,2025-07-11,,,0.0,37.93000030517578,37.64499950408936,37.64499950408936
MMM,2025-07-07,,,0.0,151.83999633789062,153.13999938964844,153.13999938964844
MMM,2025-07-08,,,0.0,153.74000549316406,153.26000061035157,153.26000061035157
MMM,2025-07-09,,,0.0,155.97999572753906,153.7133331298828,153.7133331298828
MMM,2025-07-10,,,0.0,157.32000732421875,154.22857230050224,154.22857230050224
MMM,2025-07-11,,,0.0,155.83999633789062,154.43000030517578,154.43000030517578
MOS,2025-07-07,,,0.0,37.68999862670898,37.38749980926514,37.38749980926514
MOS,2025-07-08,,,0.0,37.310001373291016,37.37200012207031,37.37200012207031
MOS,2025-07-10,,,0.0,35.939998626708984,37.15999984741211,37.15999984741211
MOS,2025-07-11,,,0.0,36.45000076293945,37.07124996185303,37.07124996185303
MRK,2025-07-08,,,0.0,81.37000274658203,81.48000030517578,81.48000030517578
MRK,2025-07-09,,,0.0,83.70999908447266,81.85166676839192,81.85166676839192
MRK,2025-07-10,,,0.0,84.0199966430664,82.16142817905971,82.16142817905971
MRK,2025-07-11,,,0.0,83.36000061035156,82.31124973297119,82.31124973297119
MSFT,2025-07-07,,,0.0,497.7200012207031,494.9249954223633,494.9249954223633
MSFT,2025-07-09,,,0.0,503.510009765625,496.6383310953776,496.6383310953776
MU,2025-07-07,,,0.0,119.91999816894533,121.12420845031738,121.12420845031738
MU,2025-07-08,,,0.0,124.41999816894533,121.78336639404296,121.78336639404296
MU,2025-07-10,,,0.0,123.11000061035156,122.03811863490512,122.03811863490512
MU,2025-07-11,,,0.0,124.52999877929688,122.3496036529541,122.3496036529541
NFLX,2025-07-07,,,0.0,1289.6199951171875,1291.3150024414062,1291.3150024414062
NFLX,2025-07-08,,,0.0,1275.31005859375,1288.114013671875,1288.114013671875
NFLX,2025-07-09,,,0.0,1288.280029296875,1288.1416829427085,1288.1416829427085
NFLX,2025-07-10,,,0.0,1250.5899658203125,1282.7771519252233,1282.7771519252233
NFLX,2025-07-11,,,0.0,1245.1099853515625,1278.0687561035156,1278.0687561035156
NKE,2025-07-07,,,0.0,76.52999877929688,75.68000030517578,75.68000030517578
NKE,2025-07-08,,,0.0,73.91999816894531,75.32799987792968,75.32799987792968
NKE,2025-07-10,,,0.0,74.62000274658203,74.97428567068917,74.97428567068917
NKE,2025-07-11,,,0.0,72.62999725341797,74.68124961853027,74.68124961853027
NOC,2025-07-07,,,0.0,507.9200134277344,503.6375045776367,503.6375045776367
NOC,2025-07-08,,,0.0,504.8500061035156,503.8800048828125,503.8800048828125
NOC,2025-07-09,,,0.0,507.9400024414063,504.5566711425781,504.5566711425781
NOC,2025-07-11,,,0.0,514.5999755859375,506.9762496948242,506.9762496948242
NOW,2025-07-07,,,0.0,1035.010009765625,1025.3374938964844,1025.3374938964844
NOW,2025-07-08,,,0.0,1022.97998046875,1024.8659912109374,1024.8659912109374
NOW,2025-07-09,,,0.0,1013.7100219726562,1023.0066630045573,1023.0066630045573
NOW,2025-07-10,,,0.0,968.0900268554688,1015.1614292689732,1015.1614292689732
NUE,2025-07-07,,,0.0,136.9499969482422,136.9474983215332,136.9474983215332
NUE,2025-07-08,,,0.0,139.72999572753906,137.50399780273438,137.50399780273438
NUE,2025-07-09,,,0.0,139.6999969482422,137.869997660319,137.869997660319
NUE,2025-07-10,,,0.0,143.30999755859375,138.6471405029297,138.6471405029297
NVDA,2025-07-08,,,0.0,160.0,157.6260009765625,157.6260009765625
O,2025-07-07,,,0.0,57.52999877929688,57.6899995803833,57.6899995803833
O,2025-07-08,,,0.0,57.4900016784668,57.65,57.65
O,2025-07-10,,,0.0,56.93000030517578,57.44285692487444,57.44285692487444
O,2025-07-11,,,0.0,57.15999984741211,57.40749979019165,57.40749979019165
ON,2025-07-07,,,0.0,54.61000061035156,55.1899995803833,55.1899995803833
ON,2025-07-08,,,0.0,57.619998931884766,55.67599945068359,55.67599945068359
ON,2025-07-09,,,0.0,57.77000045776367,56.02499961853027,56.02499961853027
ON,2025-07-10,,,0.0,59.52000045776367,56.52428545270647,56.52428545270647
ORCL,2025-07-07,,,0.0,231.76751708984372,229.1431007385254,229.1431007385254
ORCL,2025-07-09,,,0.0,235.30999755859372,230.98086293538407,230.98086293538407
PANW,2025-07-07,,,0.0,201.4199981689453,199.44750213623047,199.44750213623047
PANW,2025-07-08,,,0.0,203.9900054931641,200.3560028076172,200.3560028076172
PANW,2025-07-09,,,0.0,206.05999755859372,201.30666859944665,201.30666859944665
PANW,2025-07-10,,,0.0,192.07000732421875,199.98714556012837,199.98714556012837
PANW,2025-07-11,,,0.0,187.38999938964844,198.4125022888184,198.4125022888184
PEG,2025-07-08,,,0.0,81.5999984741211,81.83000030517579,81.83000030517579
PEG,2025-07-09,,,0.0,81.56999969482422,81.78666687011719,81.78666687011719
PEG,2025-07-10,,,0.0,82.16000366210938,81.84000069754464,81.84000069754464
PFE,2025-07-08,,,0.0,25.6200008392334,25.320000076293944,25.320000076293944
PFE,2025-07-09,,,0.0,25.559999465942383,25.359999974568684,25.359999974568684
PFE,2025-07-10,,,0.0,25.780000686645508,25.420000076293945,25.420000076293945
PFE,2025-07-11,,,0.0,25.649999618530277,25.448750019073486,25.448750019073486
PH,2025-07-08,,,0.0,706.9199829101562,709.4800170898437,709.4800170898437
PH,2025-07-09,,,0.0,707.5900268554688,709.1650187174479,709.1650187174479
PH,2025-07-10,,,0.0,714.2999877929688,709.8985857282366,709.8985857282366
PH,2025-07-11,,,0.0,714.9099731445312,710.5250091552734,710.5250091552734
PLTR,2025-07-08,,,0.0,139.7100067138672,135.197998046875,135.197998046875
PLTR,2025-07-10,,,0.0,142.5,137.37428501674108,137.37428501674108
PLTR,2025-07-11,,,0.0,142.10000610351562,137.9650001525879,137.9650001525879
QCOM,2025-07-07,,,0.0,158.08999633789062,160.50500106811523,160.50500106811523
QCOM,2025-07-08,,,0.0,159.4499969482422,160.29400024414062,160.29400024414062
QCOM,2025-07-10,,,0.0,159.08999633789062,159.98714338030135,159.98714338030135
QCOM,2025-07-11,,,0.0,157.4600067138672,159.67125129699707,159.67125129699707
RTX,2025-07-07,,,0.0,145.9199981689453,145.09500122070312,145.09500122070312
RTX,2025-07-08,,,0.0,144.91000366210938,145.05800170898436,145.05800170898436
RTX,2025-07-09,,,0.0,146.17999267578125,145.24500020345053,145.24500020345053
RTX,2025-07-11,,,0.0,146.8699951171875,145.59249877929688,145.59249877929688
SBUX,2025-07-07,,,0.0,93.63999938964844,94.29500007629396,94.29500007629396
SBUX,2025-07-08,,,0.0,94.94000244140624,94.4240005493164,94.4240005493164
SBUX,2025-07-09,,,0.0,95.25,94.56166712443034,94.56166712443034
SBUX,2025-07-10,,,0.0,95.1500015258789,94.64571489606584,94.64571489606584
SBUX,2025-07-11,,,0.0,94.94000244140624,94.6825008392334,94.6825008392334
SMCI,2025-07-07,,,0.0,47.11000061035156,47.90250110626221,47.90250110626221
SMCI,2025-07-08,,,0.0,49.11000061035156,48.14400100708008,48.14400100708008
SMCI,2025-07-09,,,0.0,50.02000045776367,48.45666758219401,48.45666758219401
SMCI,2025-07-10,,,0.0,50.36000061035156,48.72857230050223,48.72857230050223
SNPS,2025-07-07,,,0.0,536.52001953125,532.5375061035156,532.5375061035156
SNPS,2025-07-08,,,0.0,551.510009765625,536.3320068359375,536.3320068359375
SNPS,2025-07-09,,,0.0,550.9500122070312,538.7683410644531,538.7683410644531
SNPS,2025-07-10,,,0.0,566.1900024414062,542.6857212611607,542.6857212611607
SNPS,2025-07-11,,,0.0,559.280029296875,544.760009765625,544.760009765625
STZ,2025-07-07,,,0.0,170.33999633789062,170.73749923706055,170.73749923706055
STZ,2025-07-08,,,0.0,170.5500030517578,170.7,170.7
STZ,2025-07-09,,,0.0,169.0399932861328,170.42333221435547,170.42333221435547
STZ,2025-07-10,,,0.0,172.1199951171875,170.66571262904577,170.66571262904577
T,2025-07-07,,,0.0,28.12893295288086,28.208141326904297,28.208141326904297
T,2025-07-08,,,0.0,28.010120391845703,28.168537139892575,28.168537139892575
T,2025-07-09,,,0.0,27.82200050354004,28.11078103383382,28.11078103383382
TER,2025-07-07,,,0.0,90.58999633789062,92.43749809265135,92.43749809265135
TER,2025-07-08,,,0.0,92.22000122070312,92.39399871826171,92.39399871826171
TER,2025-07-10,,,0.0,98.62000274658205,93.3385707310268,93.3385707310268
TER,2025-07-11,,,0.0,97.0500030517578,93.80249977111816,93.80249977111816
TSLA,2025-07-11,,,0.0,313.510009765625,305.3400001525879,305.3400001525879
UAL,2025-07-07,,,0.0,81.11000061035156,81.13250160217285,81.13250160217285
UAL,2025-07-08,,,0.0,81.20999908447266,81.14800109863282,81.14800109863282
UAL,2025-07-09,,,0.0,80.18000030517578,80.98666763305664,80.98666763305664
UNH,2025-07-07,,,0.0,303.7099914550781,311.4899978637696,311.4899978637696
UNH,2025-07-08,,,0.0,307.70001220703125,310.73200073242185,310.73200073242185
V,2025-07-07,,,0.0,356.6400146484375,356.2975006103516,356.2975006103516
V,2025-07-08,,,0.0,354.54998779296875,355.947998046875,355.947998046875
V,2025-07-09,,,0.0,357.760009765625,356.25,356.25
V,2025-07-11,,,0.0,347.92999267578125,355.1637496948242,355.1637496948242
VMC,2025-07-07,,,0.0,267.0,265.9049987792969,265.9049987792969
VMC,2025-07-08,,,0.0,266.45001220703125,266.0140014648438,266.0140014648438
VMC,2025-07-09,,,0.0,269.95001220703125,266.6700032552083,266.6700032552083
VMC,2025-07-10,,,0.0,270.7300109863281,267.25000435965404,267.25000435965404
VMC,2025-07-11,,,0.0,269.0,267.46875381469727,267.46875381469727
VZ,2025-07-07,,,0.0,42.11897659301758,42.7143497467041,42.7143497467041
VZ,2025-07-08,,,0.0,42.37483978271485,42.64644775390625,42.64644775390625
VZ,2025-07-10,,,0.0,42.02999877929688,42.45631953648159,42.45631953648159
VZ,2025-07-11,,,0.0,41.619998931884766,42.35177946090698,42.35177946090698
WELL,2025-07-08,,,0.0,151.75999450683594,152.21400146484376,152.21400146484376
WELL,2025-07-09,,,0.0,152.25,152.22000122070312,152.22000122070312
WELL,2025-07-10,,,0.0,152.72000122070312,152.2914297921317,152.2914297921317
WELL,2025-07-11,,,0.0,155.16000366210938,152.6500015258789,152.6500015258789
WM,2025-07-08,,,0.0,224.8699951171875,226.21600036621092,226.21600036621092
WM,2025-07-09,,,0.0,225.75,226.13833363850912,226.13833363850912
WM,2025-07-10,,,0.0,225.6499938964844,226.06857081821985,226.06857081821985
WM,2025-07-11,,,0.0,226.00999450683597,226.06124877929688,226.06124877929688
WMT,2025-07-07,,,0.0,99.3499984741211,98.38999938964844,98.38999938964844
WMT,2025-07-08,,,0.0,97.08999633789062,98.12999877929688,98.12999877929688
WMT,2025-07-09,,,0.0,96.80999755859376,97.90999857584636,97.90999857584636
WMT,2025-07-11,,,0.0,94.4000015258789,97.08999919891356,97.08999919891356
XOM,2025-07-07,,,0.0,111.11000061035156,110.89999961853027,110.89999961853027
XOM,2025-07-08,,,0.0,114.19000244140624,111.55800018310546,111.55800018310546
XOM,2025-07-09,,,0.0,113.8000030517578,111.93166732788086,111.93166732788086
XOM,2025-07-10,,,0.0,114.93000030517578,112.36000061035156,112.36000061035156
XOM,2025-07-11,,,0.0,115.43000030517578,112.7437505722046,112.7437505722046
